result,filename
walking,1_walking.csv
walking,2_walking.csv
walking,3_walking.csv
walking,4_walking.csv
walking,5_walking.csv
walking,6_walking.csv
walking,7_walking.csv
walking,8_walking.csv
walking,9_walking.csv
walking,10_walking.csv
walking,11_walking.csv
walking,12_walking.csv
walking,13_walking.csv
walking,14_walking.csv
walking,15_walking.csv
walking,16_walking.csv
walking,17_walking.csv
walking,18_walking.csv
walking,19_walking.csv
walking,20_walking.csv
walking,21_walking.csv
walking,22_walking.csv
walking,23_walking.csv
walking,24_walking.csv
walking,25_walking.csv
walking,26_walking.csv
walking,27_walking.csv
walking,28_walking.csv
walking,29_walking.csv
walking,30_walking.csv
walking,31_walking.csv
walking,32_walking.csv
walking,33_walking.csv
walking,34_walking.csv
walking,35_walking.csv
walking,36_walking.csv
walking,37_walking.csv
walking,38_walking.csv
walking,39_walking.csv
walking,40_walking.csv
walking,41_walking.csv
walking,42_walking.csv
walking,43_walking.csv
walking,44_walking.csv
walking,45_walking.csv
walking,46_walking.csv
walking,47_walking.csv
walking,48_walking.csv
walking,49_walking.csv
walking,50_walking.csv
walking,51_walking.csv
walking,52_walking.csv
walking,53_walking.csv
walking,54_walking.csv
walking,55_walking.csv
walking,56_walking.csv
walking,57_walking.csv
walking,58_walking.csv
walking,59_walking.csv
walking,60_walking.csv
walking,61_walking.csv
walking,62_walking.csv
walking,63_walking.csv
walking,64_walking.csv
walking,65_walking.csv
walking,66_walking.csv
walking,67_walking.csv
walking,68_walking.csv
walking,69_walking.csv
walking,70_walking.csv
walking,71_walking.csv
walking,72_walking.csv
walking,73_walking.csv
walking,74_walking.csv
walking,75_walking.csv
walking,76_walking.csv
walking,77_walking.csv
walking,78_walking.csv
walking,79_walking.csv
walking,80_walking.csv
walking,81_walking.csv
walking,82_walking.csv
walking,83_walking.csv
walking,84_walking.csv
walking,85_walking.csv
walking,86_walking.csv
walking,87_walking.csv
walking,88_walking.csv
walking,89_walking.csv
walking,90_walking.csv
walking,91_walking.csv
walking,92_walking.csv
walking,93_walking.csv
walking,94_walking.csv
walking,95_walking.csv
walking,96_walking.csv
walking,97_walking.csv
walking,98_walking.csv
walking,99_walking.csv
walking,100_walking.csv
walking,101_walking.csv
walking,102_walking.csv
walking,103_walking.csv
walking,104_walking.csv
walking,105_walking.csv
walking,106_walking.csv
walking,107_walking.csv
walking,108_walking.csv
walking,109_walking.csv
walking,110_walking.csv
walking,111_walking.csv
walking,112_walking.csv
walking,113_walking.csv
walking,114_walking.csv
walking,115_walking.csv
walking,116_walking.csv
walking,117_walking.csv
walking,118_walking.csv
walking,119_walking.csv
walking,120_walking.csv
walking,121_walking.csv
walking,122_walking.csv
walking,123_walking.csv
walking,124_walking.csv
walking,125_walking.csv
walking,126_walking.csv
walking,127_walking.csv
walking,128_walking.csv
walking,129_walking.csv
walking,130_walking.csv
walking,131_walking.csv
walking,132_walking.csv
walking,133_walking.csv
walking,134_walking.csv
walking,135_walking.csv
walking,136_walking.csv
walking,137_walking.csv
walking,138_walking.csv
reading,139_reading.csv
reading,140_reading.csv
reading,141_reading.csv
reading,142_reading.csv
reading,143_reading.csv
reading,144_reading.csv
reading,145_reading.csv
reading,146_reading.csv
reading,147_reading.csv
reading,148_reading.csv
reading,149_reading.csv
reading,150_reading.csv
reading,151_reading.csv
reading,152_reading.csv
reading,153_reading.csv
reading,154_reading.csv
reading,155_reading.csv
reading,156_reading.csv
reading,157_reading.csv
reading,158_reading.csv
reading,159_reading.csv
reading,160_reading.csv
reading,161_reading.csv
reading,162_reading.csv
reading,163_reading.csv
reading,164_reading.csv
reading,165_reading.csv
reading,166_reading.csv
reading,167_reading.csv
reading,168_reading.csv
reading,169_reading.csv
reading,170_reading.csv
reading,171_reading.csv
reading,172_reading.csv
reading,173_reading.csv
reading,174_reading.csv
reading,175_reading.csv
reading,176_reading.csv
reading,177_reading.csv
reading,178_reading.csv
reading,179_reading.csv
reading,180_reading.csv
reading,181_reading.csv
reading,182_reading.csv
reading,183_reading.csv
reading,184_reading.csv
reading,185_reading.csv
reading,186_reading.csv
reading,187_reading.csv
reading,188_reading.csv
reading,189_reading.csv
reading,190_reading.csv
reading,191_reading.csv
reading,192_reading.csv
reading,193_reading.csv
reading,194_reading.csv
reading,195_reading.csv
reading,196_reading.csv
reading,197_reading.csv
reading,198_reading.csv
reading,199_reading.csv
reading,200_reading.csv
reading,201_reading.csv
reading,202_reading.csv
reading,203_reading.csv
reading,204_reading.csv
reading,205_reading.csv
reading,206_reading.csv
reading,207_reading.csv
walking,208_walking.csv
walking,209_walking.csv
walking,210_walking.csv
walking,211_walking.csv
walking,212_walking.csv
walking,213_walking.csv
walking,214_walking.csv
walking,215_walking.csv
walking,216_walking.csv
walking,217_walking.csv
walking,218_walking.csv
walking,219_walking.csv
walking,220_walking.csv
walking,221_walking.csv
walking,222_walking.csv
walking,223_walking.csv
walking,224_walking.csv
walking,225_walking.csv
walking,226_walking.csv
walking,227_walking.csv
walking,228_walking.csv
walking,229_walking.csv
walking,230_walking.csv
walking,231_walking.csv
walking,232_walking.csv
walking,233_walking.csv
walking,234_walking.csv
walking,235_walking.csv
walking,236_walking.csv
walking,237_walking.csv
walking,238_walking.csv
walking,239_walking.csv
walking,240_walking.csv
walking,241_walking.csv
walking,242_walking.csv
walking,243_walking.csv
walking,244_walking.csv
walking,245_walking.csv
walking,246_walking.csv
walking,247_walking.csv
walking,248_walking.csv
walking,249_walking.csv
walking,250_walking.csv
walking,251_walking.csv
walking,252_walking.csv
walking,253_walking.csv
walking,254_walking.csv
walking,255_walking.csv
walking,256_walking.csv
walking,257_walking.csv
walking,258_walking.csv
walking,259_walking.csv
walking,260_walking.csv
walking,261_walking.csv
walking,262_walking.csv
walking,263_walking.csv
walking,264_walking.csv
walking,265_walking.csv
walking,266_walking.csv
walking,267_walking.csv
walking,268_walking.csv
walking,269_walking.csv
walking,270_walking.csv
walking,271_walking.csv
walking,272_walking.csv
walking,273_walking.csv
walking,274_walking.csv
walking,275_walking.csv
walking,276_walking.csv
playing,277_playing.csv
playing,278_playing.csv
playing,279_playing.csv
playing,280_playing.csv
playing,281_playing.csv
playing,282_playing.csv
playing,283_playing.csv
playing,284_playing.csv
playing,285_playing.csv
playing,286_playing.csv
playing,287_playing.csv
playing,288_playing.csv
playing,289_playing.csv
playing,290_playing.csv
playing,291_playing.csv
playing,292_playing.csv
playing,293_playing.csv
playing,294_playing.csv
playing,295_playing.csv
playing,296_playing.csv
playing,297_playing.csv
playing,298_playing.csv
playing,299_playing.csv
playing,300_playing.csv
playing,301_playing.csv
playing,302_playing.csv
playing,303_playing.csv
playing,304_playing.csv
playing,305_playing.csv
playing,306_playing.csv
playing,307_playing.csv
playing,308_playing.csv
playing,309_playing.csv
playing,310_playing.csv
playing,311_playing.csv
playing,312_playing.csv
playing,313_playing.csv
playing,314_playing.csv
playing,315_playing.csv
playing,316_playing.csv
playing,317_playing.csv
playing,318_playing.csv
playing,319_playing.csv
playing,320_playing.csv
playing,321_playing.csv
playing,322_playing.csv
playing,323_playing.csv
playing,324_playing.csv
playing,325_playing.csv
playing,326_playing.csv
playing,327_playing.csv
playing,328_playing.csv
playing,329_playing.csv
playing,330_playing.csv
playing,331_playing.csv
playing,332_playing.csv
playing,333_playing.csv
playing,334_playing.csv
playing,335_playing.csv
playing,336_playing.csv
playing,337_playing.csv
playing,338_playing.csv
playing,339_playing.csv
playing,340_playing.csv
playing,341_playing.csv
playing,342_playing.csv
playing,343_playing.csv
playing,344_playing.csv
playing,345_playing.csv
reading,346_reading.csv
reading,347_reading.csv
reading,348_reading.csv
reading,349_reading.csv
reading,350_reading.csv
reading,351_reading.csv
reading,352_reading.csv
reading,353_reading.csv
reading,354_reading.csv
reading,355_reading.csv
reading,356_reading.csv
reading,357_reading.csv
reading,358_reading.csv
reading,359_reading.csv
reading,360_reading.csv
reading,361_reading.csv
reading,362_reading.csv
reading,363_reading.csv
reading,364_reading.csv
reading,365_reading.csv
reading,366_reading.csv
reading,367_reading.csv
reading,368_reading.csv
reading,369_reading.csv
reading,370_reading.csv
reading,371_reading.csv
reading,372_reading.csv
reading,373_reading.csv
reading,374_reading.csv
reading,375_reading.csv
reading,376_reading.csv
reading,377_reading.csv
reading,378_reading.csv
reading,379_reading.csv
reading,380_reading.csv
reading,381_reading.csv
reading,382_reading.csv
reading,383_reading.csv
reading,384_reading.csv
reading,385_reading.csv
reading,386_reading.csv
reading,387_reading.csv
reading,388_reading.csv
reading,389_reading.csv
reading,390_reading.csv
reading,391_reading.csv
reading,392_reading.csv
reading,393_reading.csv
reading,394_reading.csv
reading,395_reading.csv
reading,396_reading.csv
reading,397_reading.csv
reading,398_reading.csv
reading,399_reading.csv
reading,400_reading.csv
reading,401_reading.csv
reading,402_reading.csv
reading,403_reading.csv
reading,404_reading.csv
reading,405_reading.csv
reading,406_reading.csv
reading,407_reading.csv
reading,408_reading.csv
reading,409_reading.csv
reading,410_reading.csv
reading,411_reading.csv
reading,412_reading.csv
walking,413_walking.csv
walking,414_walking.csv
walking,415_walking.csv
walking,416_walking.csv
walking,417_walking.csv
walking,418_walking.csv
walking,419_walking.csv
walking,420_walking.csv
walking,421_walking.csv
walking,422_walking.csv
walking,423_walking.csv
walking,424_walking.csv
walking,425_walking.csv
walking,426_walking.csv
walking,427_walking.csv
walking,428_walking.csv
walking,429_walking.csv
walking,430_walking.csv
walking,431_walking.csv
walking,432_walking.csv
walking,433_walking.csv
walking,434_walking.csv
walking,435_walking.csv
walking,436_walking.csv
walking,437_walking.csv
walking,438_walking.csv
walking,439_walking.csv
walking,440_walking.csv
walking,441_walking.csv
walking,442_walking.csv
walking,443_walking.csv
walking,444_walking.csv
walking,445_walking.csv
walking,446_walking.csv
walking,447_walking.csv
walking,448_walking.csv
walking,449_walking.csv
walking,450_walking.csv
walking,451_walking.csv
walking,452_walking.csv
walking,453_walking.csv
walking,454_walking.csv
walking,455_walking.csv
walking,456_walking.csv
walking,457_walking.csv
walking,458_walking.csv
walking,459_walking.csv
walking,460_walking.csv
walking,461_walking.csv
walking,462_walking.csv
walking,463_walking.csv
walking,464_walking.csv
walking,465_walking.csv
walking,466_walking.csv
walking,467_walking.csv
walking,468_walking.csv
walking,469_walking.csv
walking,470_walking.csv
walking,471_walking.csv
walking,472_walking.csv
walking,473_walking.csv
walking,474_walking.csv
walking,475_walking.csv
walking,476_walking.csv
walking,477_walking.csv
walking,478_walking.csv
walking,479_walking.csv
walking,480_walking.csv
walking,481_walking.csv
walking,482_walking.csv
walking,483_walking.csv
walking,484_walking.csv
walking,485_walking.csv
walking,486_walking.csv
reading,487_reading.csv
reading,488_reading.csv
reading,489_reading.csv
reading,490_reading.csv
reading,491_reading.csv
reading,492_reading.csv
reading,493_reading.csv
reading,494_reading.csv
reading,495_reading.csv
reading,496_reading.csv
reading,497_reading.csv
reading,498_reading.csv
reading,499_reading.csv
reading,500_reading.csv
reading,501_reading.csv
reading,502_reading.csv
reading,503_reading.csv
reading,504_reading.csv
reading,505_reading.csv
reading,506_reading.csv
reading,507_reading.csv
reading,508_reading.csv
reading,509_reading.csv
reading,510_reading.csv
reading,511_reading.csv
reading,512_reading.csv
reading,513_reading.csv
reading,514_reading.csv
reading,515_reading.csv
reading,516_reading.csv
reading,517_reading.csv
reading,518_reading.csv
reading,519_reading.csv
reading,520_reading.csv
reading,521_reading.csv
reading,522_reading.csv
reading,523_reading.csv
reading,524_reading.csv
reading,525_reading.csv
reading,526_reading.csv
reading,527_reading.csv
reading,528_reading.csv
reading,529_reading.csv
reading,530_reading.csv
reading,531_reading.csv
reading,532_reading.csv
reading,533_reading.csv
reading,534_reading.csv
reading,535_reading.csv
reading,536_reading.csv
reading,537_reading.csv
reading,538_reading.csv
reading,539_reading.csv
reading,540_reading.csv
reading,541_reading.csv
reading,542_reading.csv
reading,543_reading.csv
reading,544_reading.csv
reading,545_reading.csv
reading,546_reading.csv
reading,547_reading.csv
reading,548_reading.csv
reading,549_reading.csv
reading,550_reading.csv
reading,551_reading.csv
reading,552_reading.csv
reading,553_reading.csv
reading,554_reading.csv
reading,555_reading.csv
reading,556_reading.csv
reading,557_reading.csv
reading,558_reading.csv
reading,559_reading.csv
reading,560_reading.csv
reading,561_reading.csv
reading,562_reading.csv
reading,563_reading.csv
reading,564_reading.csv
reading,565_reading.csv
reading,566_reading.csv
reading,567_reading.csv
reading,568_reading.csv
reading,569_reading.csv
reading,570_reading.csv
reading,571_reading.csv
reading,572_reading.csv
reading,573_reading.csv
reading,574_reading.csv
reading,575_reading.csv
reading,576_reading.csv
reading,577_reading.csv
reading,578_reading.csv
reading,579_reading.csv
reading,580_reading.csv
reading,581_reading.csv
reading,582_reading.csv
reading,583_reading.csv
reading,584_reading.csv
reading,585_reading.csv
reading,586_reading.csv
reading,587_reading.csv
reading,588_reading.csv
reading,589_reading.csv
reading,590_reading.csv
reading,591_reading.csv
reading,592_reading.csv
reading,593_reading.csv
reading,594_reading.csv
reading,595_reading.csv
reading,596_reading.csv
reading,597_reading.csv
reading,598_reading.csv
reading,599_reading.csv
reading,600_reading.csv
reading,601_reading.csv
reading,602_reading.csv
reading,603_reading.csv
reading,604_reading.csv
reading,605_reading.csv
reading,606_reading.csv
reading,607_reading.csv
reading,608_reading.csv
reading,609_reading.csv
reading,610_reading.csv
reading,611_reading.csv
reading,612_reading.csv
reading,613_reading.csv
reading,614_reading.csv
reading,615_reading.csv
reading,616_reading.csv
reading,617_reading.csv
reading,618_reading.csv
reading,619_reading.csv
reading,620_reading.csv
reading,621_reading.csv
playing,622_playing.csv
playing,623_playing.csv
playing,624_playing.csv
playing,625_playing.csv
playing,626_playing.csv
playing,627_playing.csv
playing,628_playing.csv
playing,629_playing.csv
playing,630_playing.csv
playing,631_playing.csv
playing,632_playing.csv
playing,633_playing.csv
playing,634_playing.csv
playing,635_playing.csv
playing,636_playing.csv
playing,637_playing.csv
playing,638_playing.csv
playing,639_playing.csv
playing,640_playing.csv
playing,641_playing.csv
playing,642_playing.csv
playing,643_playing.csv
playing,644_playing.csv
playing,645_playing.csv
playing,646_playing.csv
playing,647_playing.csv
playing,648_playing.csv
playing,649_playing.csv
playing,650_playing.csv
playing,651_playing.csv
playing,652_playing.csv
playing,653_playing.csv
playing,654_playing.csv
playing,655_playing.csv
playing,656_playing.csv
playing,657_playing.csv
playing,658_playing.csv
playing,659_playing.csv
playing,660_playing.csv
playing,661_playing.csv
playing,662_playing.csv
playing,663_playing.csv
playing,664_playing.csv
playing,665_playing.csv
playing,666_playing.csv
playing,667_playing.csv
playing,668_playing.csv
playing,669_playing.csv
playing,670_playing.csv
playing,671_playing.csv
playing,672_playing.csv
playing,673_playing.csv
playing,674_playing.csv
playing,675_playing.csv
playing,676_playing.csv
playing,677_playing.csv
playing,678_playing.csv
playing,679_playing.csv
playing,680_playing.csv
playing,681_playing.csv
playing,682_playing.csv
playing,683_playing.csv
playing,684_playing.csv
playing,685_playing.csv
playing,686_playing.csv
playing,687_playing.csv
playing,688_playing.csv
playing,689_playing.csv
playing,690_playing.csv
playing,691_playing.csv
playing,692_playing.csv
playing,693_playing.csv
playing,694_playing.csv
playing,695_playing.csv
playing,696_playing.csv
playing,697_playing.csv
playing,698_playing.csv
playing,699_playing.csv
playing,700_playing.csv
playing,701_playing.csv
playing,702_playing.csv
playing,703_playing.csv
playing,704_playing.csv
playing,705_playing.csv
playing,706_playing.csv
playing,707_playing.csv
playing,708_playing.csv
playing,709_playing.csv
playing,710_playing.csv
playing,711_playing.csv
playing,712_playing.csv
playing,713_playing.csv
playing,714_playing.csv
playing,715_playing.csv
playing,716_playing.csv
playing,717_playing.csv
playing,718_playing.csv
playing,719_playing.csv
playing,720_playing.csv
playing,721_playing.csv
playing,722_playing.csv
playing,723_playing.csv
playing,724_playing.csv
playing,725_playing.csv
playing,726_playing.csv
playing,727_playing.csv
playing,728_playing.csv
playing,729_playing.csv
playing,730_playing.csv
playing,731_playing.csv
playing,732_playing.csv
playing,733_playing.csv
playing,734_playing.csv
playing,735_playing.csv
playing,736_playing.csv
playing,737_playing.csv
playing,738_playing.csv
playing,739_playing.csv
playing,740_playing.csv
playing,741_playing.csv
playing,742_playing.csv
playing,743_playing.csv
playing,744_playing.csv
playing,745_playing.csv
playing,746_playing.csv
playing,747_playing.csv
playing,748_playing.csv
playing,749_playing.csv
playing,750_playing.csv
playing,751_playing.csv
playing,752_playing.csv
playing,753_playing.csv
playing,754_playing.csv
playing,755_playing.csv
playing,756_playing.csv
playing,757_playing.csv
playing,758_playing.csv
playing,759_playing.csv
playing,760_playing.csv
playing,761_playing.csv
playing,762_playing.csv
playing,763_playing.csv
playing,764_playing.csv
playing,765_playing.csv
playing,766_playing.csv
playing,767_playing.csv
playing,768_playing.csv
playing,769_playing.csv
playing,770_playing.csv
playing,771_playing.csv
playing,772_playing.csv
playing,773_playing.csv
playing,774_playing.csv
playing,775_playing.csv
playing,776_playing.csv
playing,777_playing.csv
playing,778_playing.csv
playing,779_playing.csv
playing,780_playing.csv
playing,781_playing.csv
playing,782_playing.csv
playing,783_playing.csv
playing,784_playing.csv
playing,785_playing.csv
playing,786_playing.csv
playing,787_playing.csv
playing,788_playing.csv
playing,789_playing.csv
playing,790_playing.csv
playing,791_playing.csv
playing,792_playing.csv
playing,793_playing.csv
playing,794_playing.csv
playing,795_playing.csv
playing,796_playing.csv
playing,797_playing.csv
playing,798_playing.csv
playing,799_playing.csv
playing,800_playing.csv
playing,801_playing.csv
playing,802_playing.csv
playing,803_playing.csv
playing,804_playing.csv
playing,805_playing.csv
playing,806_playing.csv
playing,807_playing.csv
playing,808_playing.csv
playing,809_playing.csv
playing,810_playing.csv
playing,811_playing.csv
playing,812_playing.csv
playing,813_playing.csv
playing,814_playing.csv
playing,815_playing.csv
playing,816_playing.csv
playing,817_playing.csv
playing,818_playing.csv
playing,819_playing.csv
playing,820_playing.csv
playing,821_playing.csv
playing,822_playing.csv
playing,823_playing.csv
playing,824_playing.csv
playing,825_playing.csv
playing,826_playing.csv
playing,827_playing.csv
playing,828_playing.csv
playing,829_playing.csv
playing,830_playing.csv
walking,831_walking.csv
walking,832_walking.csv
walking,833_walking.csv
walking,834_walking.csv
walking,835_walking.csv
walking,836_walking.csv
walking,837_walking.csv
walking,838_walking.csv
walking,839_walking.csv
walking,840_walking.csv
walking,841_walking.csv
walking,842_walking.csv
walking,843_walking.csv
walking,844_walking.csv
walking,845_walking.csv
walking,846_walking.csv
walking,847_walking.csv
walking,848_walking.csv
walking,849_walking.csv
walking,850_walking.csv
walking,851_walking.csv
walking,852_walking.csv
walking,853_walking.csv
walking,854_walking.csv
walking,855_walking.csv
walking,856_walking.csv
walking,857_walking.csv
walking,858_walking.csv
walking,859_walking.csv
walking,860_walking.csv
walking,861_walking.csv
walking,862_walking.csv
walking,863_walking.csv
walking,864_walking.csv
walking,865_walking.csv
walking,866_walking.csv
walking,867_walking.csv
walking,868_walking.csv
walking,869_walking.csv
walking,870_walking.csv
walking,871_walking.csv
walking,872_walking.csv
walking,873_walking.csv
walking,874_walking.csv
walking,875_walking.csv
walking,876_walking.csv
walking,877_walking.csv
walking,878_walking.csv
walking,879_walking.csv
walking,880_walking.csv
walking,881_walking.csv
walking,882_walking.csv
walking,883_walking.csv
walking,884_walking.csv
walking,885_walking.csv
walking,886_walking.csv
walking,887_walking.csv
walking,888_walking.csv
walking,889_walking.csv
walking,890_walking.csv
walking,891_walking.csv
walking,892_walking.csv
walking,893_walking.csv
walking,894_walking.csv
walking,895_walking.csv
walking,896_walking.csv
walking,897_walking.csv
walking,898_walking.csv
walking,899_walking.csv
walking,900_walking.csv
walking,901_walking.csv
walking,902_walking.csv
walking,903_walking.csv
walking,904_walking.csv
walking,905_walking.csv
playing,906_playing.csv
playing,907_playing.csv
playing,908_playing.csv
playing,909_playing.csv
playing,910_playing.csv
playing,911_playing.csv
playing,912_playing.csv
playing,913_playing.csv
playing,914_playing.csv
playing,915_playing.csv
playing,916_playing.csv
playing,917_playing.csv
playing,918_playing.csv
playing,919_playing.csv
playing,920_playing.csv
playing,921_playing.csv
playing,922_playing.csv
playing,923_playing.csv
playing,924_playing.csv
playing,925_playing.csv
playing,926_playing.csv
playing,927_playing.csv
playing,928_playing.csv
playing,929_playing.csv
playing,930_playing.csv
playing,931_playing.csv
playing,932_playing.csv
playing,933_playing.csv
playing,934_playing.csv
playing,935_playing.csv
playing,936_playing.csv
playing,937_playing.csv
playing,938_playing.csv
playing,939_playing.csv
playing,940_playing.csv
playing,941_playing.csv
playing,942_playing.csv
playing,943_playing.csv
playing,944_playing.csv
playing,945_playing.csv
playing,946_playing.csv
playing,947_playing.csv
playing,948_playing.csv
playing,949_playing.csv
playing,950_playing.csv
playing,951_playing.csv
playing,952_playing.csv
playing,953_playing.csv
playing,954_playing.csv
playing,955_playing.csv
playing,956_playing.csv
playing,957_playing.csv
playing,958_playing.csv
playing,959_playing.csv
playing,960_playing.csv
playing,961_playing.csv
playing,962_playing.csv
playing,963_playing.csv
playing,964_playing.csv
playing,965_playing.csv
playing,966_playing.csv
playing,967_playing.csv
playing,968_playing.csv
playing,969_playing.csv
playing,970_playing.csv
playing,971_playing.csv
playing,972_playing.csv
playing,973_playing.csv
reading,974_reading.csv
reading,975_reading.csv
reading,976_reading.csv
reading,977_reading.csv
reading,978_reading.csv
reading,979_reading.csv
reading,980_reading.csv
reading,981_reading.csv
reading,982_reading.csv
reading,983_reading.csv
reading,984_reading.csv
reading,985_reading.csv
reading,986_reading.csv
reading,987_reading.csv
reading,988_reading.csv
reading,989_reading.csv
reading,990_reading.csv
reading,991_reading.csv
reading,992_reading.csv
reading,993_reading.csv
reading,994_reading.csv
reading,995_reading.csv
reading,996_reading.csv
reading,997_reading.csv
reading,998_reading.csv
reading,999_reading.csv
reading,1000_reading.csv
reading,1001_reading.csv
reading,1002_reading.csv
reading,1003_reading.csv
reading,1004_reading.csv
reading,1005_reading.csv
reading,1006_reading.csv
reading,1007_reading.csv
reading,1008_reading.csv
reading,1009_reading.csv
reading,1010_reading.csv
reading,1011_reading.csv
reading,1012_reading.csv
reading,1013_reading.csv
reading,1014_reading.csv
reading,1015_reading.csv
reading,1016_reading.csv
reading,1017_reading.csv
reading,1018_reading.csv
reading,1019_reading.csv
reading,1020_reading.csv
reading,1021_reading.csv
reading,1022_reading.csv
reading,1023_reading.csv
reading,1024_reading.csv
reading,1025_reading.csv
reading,1026_reading.csv
reading,1027_reading.csv
reading,1028_reading.csv
reading,1029_reading.csv
reading,1030_reading.csv
reading,1031_reading.csv
reading,1032_reading.csv
reading,1033_reading.csv
reading,1034_reading.csv
reading,1035_reading.csv
reading,1036_reading.csv
reading,1037_reading.csv
reading,1038_reading.csv
reading,1039_reading.csv
reading,1040_reading.csv
